{
  "linhas_lidas": 28247,
  "linhas_validas": 28247,
  "linhas_consolidadas": 2115,
  "operadoras_unicas": 722,
  "anos_processados": [
    2025
  ],
  "trimestres_processados": [
    1,
    2,
    3
  ],
  "valor_total": 255561519164.90002,
  "valor_medio": 120832869.58151302
}